"annotation_id","annotator","created_at","id","label","lead_time","text","updated_at"
1,"1","2025-01-23T09:31:42.917400Z",1,"[{""start"":0,""end"":4,""text"":""‡§ï‡§•‡§ø‡§§"",""labels"":[""ADJ""]},{""start"":5,""end"":10,""text"":""Delhi"",""labels"":[""PROPN""]},{""start"":11,""end"":17,""text"":""Liquor"",""labels"":[""NOUN""]},{""start"":18,""end"":22,""text"":""Scam"",""labels"":[""NOUN""]},{""start"":23,""end"":25,""text"":""‡§™‡§∞"",""labels"":[""ADP""]},{""start"":26,""end"":28,""text"":""ED"",""labels"":[""PROPN""]},{""start"":29,""end"":31,""text"":""‡§î‡§∞"",""labels"":[""CONJ""]},{""start"":32,""end"":36,""text"":""Modi"",""labels"":[""PROPN""]},{""start"":37,""end"":41,""text"":""Govt"",""labels"":[""NOUN""]},{""start"":42,""end"":46,""text"":""‡§ù‡•Ç‡§†‡•Ä"",""labels"":[""ADJ""]},{""start"":47,""end"":52,""text"":""‡§∏‡§æ‡§¨‡§ø‡§§"",""labels"":[""VERB""]},{""start"":53,""end"":56,""text"":""‡§π‡•Å‡§à"",""labels"":[""VERB""]},{""start"":59,""end"":65,""text"":""Arvind"",""labels"":[""PROPN""]},{""start"":66,""end"":74,""text"":""Kejriwal"",""labels"":[""PROPN""]},{""start"":75,""end"":77,""text"":""‡§®‡•á"",""labels"":[""ADP""]},{""start"":78,""end"":81,""text"":""‡§ï‡§π‡•Ä"",""labels"":[""VERB""]},{""start"":82,""end"":85,""text"":""‡§¨‡•ú‡•Ä"",""labels"":[""ADJ""]},{""start"":86,""end"":89,""text"":""‡§¨‡§æ‡§§"",""labels"":[""NOUN""]},{""start"":57,""end"":58,""text"":""I"",""labels"":[""X""]}]",1849.928,"‡§ï‡§•‡§ø‡§§ Delhi Liquor Scam ‡§™‡§∞ ED ‡§î‡§∞ Modi Govt ‡§ù‡•Ç‡§†‡•Ä ‡§∏‡§æ‡§¨‡§ø‡§§ ‡§π‡•Å‡§à I Arvind Kejriwal ‡§®‡•á ‡§ï‡§π‡•Ä ‡§¨‡•ú‡•Ä ‡§¨‡§æ‡§§","2025-01-25T15:36:54.152602Z"
2,"1","2025-01-23T09:35:24.402462Z",2,"[{""start"":0,""end"":6,""text"":""Arvind"",""labels"":[""PROPN""]},{""start"":7,""end"":15,""text"":""Kejriwal"",""labels"":[""PROPN""]},{""start"":16,""end"":18,""text"":""‡§®‡•á"",""labels"":[""ADP""]},{""start"":19,""end"":23,""text"":""‡§ï‡§ø‡§Ø‡§æ"",""labels"":[""VERB""]},{""start"":24,""end"":31,""text"":""Premium"",""labels"":[""ADJ""]},{""start"":32,""end"":35,""text"":""Bus"",""labels"":[""NOUN""]},{""start"":36,""end"":43,""text"":""Service"",""labels"":[""NOUN""]},{""start"":44,""end"":50,""text"":""Scheme"",""labels"":[""NOUN""]},{""start"":51,""end"":53,""text"":""‡§ï‡§æ"",""labels"":[""ADP""]},{""start"":60,""end"":69,""text"":""Transport"",""labels"":[""NOUN""]},{""start"":70,""end"":76,""text"":""System"",""labels"":[""NOUN""]},{""start"":77,""end"":81,""text"":""‡§Æ‡•á‡§Ç "",""labels"":[""ADP""]},{""start"":81,""end"":85,""text"":""‡§π‡•ã‡§ó‡§æ"",""labels"":[""VERB""]},{""start"":54,""end"":58,""text"":""‡§ê‡§≤‡§æ‡§®"",""labels"":[""VERB""]},{""start"":58,""end"":59,""text"":"","",""labels"":[""X""]},{""start"":86,""end"":97,""text"":""Improvement"",""labels"":[""ADJ""]}]",330.118,"Arvind Kejriwal ‡§®‡•á ‡§ï‡§ø‡§Ø‡§æ Premium Bus Service Scheme ‡§ï‡§æ ‡§ê‡§≤‡§æ‡§®, Transport System ‡§Æ‡•á‡§Ç ‡§π‡•ã‡§ó‡§æ Improvement","2025-01-25T15:38:49.826642Z"
3,"1","2025-01-23T09:41:58.392966Z",3,"[{""start"":0,""end"":7,""text"":""Sanjay "",""labels"":[""PROPN""]},{""start"":7,""end"":13,""text"":""Singh "",""labels"":[""PROPN""]},{""start"":13,""end"":15,""text"":""‡§®‡•á"",""labels"":[""ADP""]},{""start"":22,""end"":25,""text"":""‡§ï‡§π‡§æ"",""labels"":[""VERB""]},{""start"":16,""end"":21,""text"":""‡§ï‡•ç‡§Ø‡•ã‡§Ç"",""labels"":[""PRON_WH""]},{""start"":26,""end"":28,""text"":""‡§ï‡§ø"",""labels"":[""ADV""]},{""start"":29,""end"":31,""text"":""PM"",""labels"":[""NOUN""]},{""start"":32,""end"":36,""text"":""Modi"",""labels"":[""PROPN""]},{""start"":37,""end"":39,""text"":""‡§ï‡•ã"",""labels"":[""ADV""]},{""start"":40,""end"":43,""text"":""‡§®‡§æ‡§ï"",""labels"":[""NOUN""]},{""start"":44,""end"":49,""text"":""‡§∞‡§ó‡•ú‡§ï‡§∞"",""labels"":[""VERB""]},{""start"":50,""end"":56,""text"":""Arvind"",""labels"":[""PROPN""]},{""start"":57,""end"":65,""text"":""Kejriwal"",""labels"":[""PROPN""]},{""start"":66,""end"":68,""text"":""‡§î‡§∞"",""labels"":[""CONJ""]},{""start"":69,""end"":72,""text"":""AAP"",""labels"":[""PROPN""]},{""start"":73,""end"":75,""text"":""‡§∏‡•á"",""labels"":[""ADV""]},{""start"":76,""end"":80,""text"":""‡§Æ‡§æ‡•û‡•Ä"",""labels"":[""NOUN""]},{""start"":81,""end"":87,""text"":""‡§Æ‡§æ‡§Ç‡§ó‡§®‡•Ä"",""labels"":[""VERB""]},{""start"":88,""end"":92,""text"":""‡§π‡•ã‡§ó‡•Ä"",""labels"":[""VERB""]},{""start"":92,""end"":93,""text"":""?"",""labels"":[""X""]}]",507.634,"Sanjay Singh ‡§®‡•á ‡§ï‡•ç‡§Ø‡•ã‡§Ç ‡§ï‡§π‡§æ ‡§ï‡§ø PM Modi ‡§ï‡•ã ‡§®‡§æ‡§ï ‡§∞‡§ó‡•ú‡§ï‡§∞ Arvind Kejriwal ‡§î‡§∞ AAP ‡§∏‡•á ‡§Æ‡§æ‡•û‡•Ä ‡§Æ‡§æ‡§Ç‡§ó‡§®‡•Ä ‡§π‡•ã‡§ó‡•Ä?","2025-01-25T15:43:42.379510Z"
4,"1","2025-01-23T09:44:51.275149Z",4,"[{""start"":0,""end"":8,""text"":""Kejriwal"",""labels"":[""PROPN""]},{""start"":9,""end"":13,""text"":""Govt"",""labels"":[""NOUN""]},{""start"":13,""end"":16,""text"":"" ‡§ï‡•á"",""labels"":[""ADV""]},{""start"":17,""end"":18,""text"":""‚Çπ"",""labels"":[""X""]},{""start"":18,""end"":20,""text"":""45"",""labels"":[""NUM""]},{""start"":21,""end"":26,""text"":""Crore"",""labels"":[""NOUN""]},{""start"":27,""end"":29,""text"":""‡§ï‡•á"",""labels"":[""ADP""]},{""start"":30,""end"":32,""text"":""CM"",""labels"":[""NOUN""]},{""start"":33,""end"":38,""text"":""House"",""labels"":[""NOUN""]},{""start"":39,""end"":41,""text"":""‡§™‡§∞"",""labels"":[""ADP""]},{""start"":42,""end"":46,""text"":""‡§ï‡•ç‡§Ø‡§æ"",""labels"":[""PRON_WH""]},{""start"":47,""end"":51,""text"":""‡§¨‡•ã‡§≤‡•Ä"",""labels"":[""VERB""]},{""start"":52,""end"":57,""text"":""Delhi"",""labels"":[""PROPN""]},{""start"":58,""end"":60,""text"":""‡§ï‡•Ä"",""labels"":[""ADJ""]},{""start"":61,""end"":65,""text"":""‡§ú‡§®‡§§‡§æ"",""labels"":[""NOUN""]},{""start"":65,""end"":66,""text"":""?"",""labels"":[""X""]},{""start"":69,""end"":72,""text"":""BJP"",""labels"":[""PROPN""]},{""start"":67,""end"":68,""text"":""|"",""labels"":[""X""]},{""start"":73,""end"":75,""text"":""vs"",""labels"":[""X""]},{""start"":76,""end"":79,""text"":""AAP"",""labels"":[""PROPN""]},{""start"":82,""end"":89,""text"":""Public "",""labels"":[""NOUN""]},{""start"":89,""end"":96,""text"":""Opinion"",""labels"":[""NOUN""]},{""start"":80,""end"":81,""text"":""|"",""labels"":[""X""]},{""start"":30,""end"":38,""text"":""CM House"",""labels"":[""NOUN""]}]",271.714,"Kejriwal Govt ‡§ï‡•á ‚Çπ45 Crore ‡§ï‡•á CM House ‡§™‡§∞ ‡§ï‡•ç‡§Ø‡§æ ‡§¨‡•ã‡§≤‡•Ä Delhi ‡§ï‡•Ä ‡§ú‡§®‡§§‡§æ? | BJP vs AAP | Public Opinion","2025-01-25T15:48:58.620574Z"
5,"1","2025-01-23T09:47:16.290446Z",5,"[{""start"":0,""end"":2,""text"":""CM"",""labels"":[""NOUN""]},{""start"":3,""end"":9,""text"":""Arvind"",""labels"":[""PROPN""]},{""start"":10,""end"":18,""text"":""Kejriwal"",""labels"":[""PROPN""]},{""start"":19,""end"":21,""text"":""‡§î‡§∞"",""labels"":[""CONJ""]},{""start"":22,""end"":24,""text"":""CM"",""labels"":[""NOUN""]},{""start"":25,""end"":33,""text"":""Bhagwant"",""labels"":[""PROPN""]},{""start"":34,""end"":38,""text"":""Mann"",""labels"":[""PROPN""]},{""start"":42,""end"":50,""text"":""Adampur "",""labels"":[""PROPN""]},{""start"":39,""end"":41,""text"":""‡§ï‡§æ"",""labels"":[""ADP""]},{""start"":50,""end"":53,""text"":""‡§Æ‡•á‡§Ç"",""labels"":[""ADP""]},{""start"":54,""end"":60,""text"":""‡§∂‡§æ‡§®‡§¶‡§æ‡§∞"",""labels"":[""ADJ""]},{""start"":61,""end"":69,""text"":""Roadshow"",""labels"":[""NOUN""]},{""start"":70,""end"":71,""text"":""|"",""labels"":[""X""]},{""start"":72,""end"":73,""text"":""#"",""labels"":[""X""]},{""start"":73,""end"":96,""text"":""JalandharByelection2023"",""labels"":[""PROPN""]}]",303.43899999999996,"CM Arvind Kejriwal ‡§î‡§∞ CM Bhagwant Mann ‡§ï‡§æ Adampur ‡§Æ‡•á‡§Ç ‡§∂‡§æ‡§®‡§¶‡§æ‡§∞ Roadshow | #JalandharByelection2023","2025-01-25T15:52:09.707595Z"
6,"1","2025-01-23T09:48:24.163076Z",6,"[{""start"":0,""end"":6,""text"":""Arvind"",""labels"":[""PROPN""]},{""start"":6,""end"":15,""text"":"" Kejriwal"",""labels"":[""PROPN""]},{""start"":15,""end"":19,""text"":"" ‡§î‡§∞ "",""labels"":[""CONJ""]},{""start"":19,""end"":27,""text"":""Bhagwant"",""labels"":[""PROPN""]},{""start"":28,""end"":32,""text"":""Mann"",""labels"":[""PROPN""]},{""start"":32,""end"":35,""text"":"" ‡§ï‡•á"",""labels"":[""ADV""]},{""start"":36,""end"":52,""text"":""Goraya(Phillaur)"",""labels"":[""PROPN""]},{""start"":53,""end"":55,""text"":""‡§ï‡•á"",""labels"":[""ADP""]},{""start"":56,""end"":64,""text"":""Roadshow"",""labels"":[""NOUN""]},{""start"":65,""end"":68,""text"":""‡§Æ‡•á‡§Ç"",""labels"":[""ADP""]},{""start"":69,""end"":74,""text"":""‡§≠‡§æ‡§∞‡•Ä "",""labels"":[""ADJ""]},{""start"":74,""end"":77,""text"":""‡§≠‡•Ä‡•ú"",""labels"":[""NOUN""]},{""start"":77,""end"":78,""text"":""üî•"",""labels"":[""X""]},{""start"":79,""end"":80,""text"":""#"",""labels"":[""X""]},{""start"":80,""end"":99,""text"":""JalandharByelection"",""labels"":[""PROPN""]}]",178.143,"Arvind Kejriwal ‡§î‡§∞ Bhagwant Mann ‡§ï‡•á Goraya(Phillaur) ‡§ï‡•á Roadshow ‡§Æ‡•á‡§Ç ‡§≠‡§æ‡§∞‡•Ä ‡§≠‡•Ä‡•úüî• #JalandharByelection","2025-01-25T15:54:02.657618Z"
7,"1","2025-01-23T09:49:38.177068Z",7,"[{""start"":0,""end"":2,""text"":""CM"",""labels"":[""NOUN""]},{""start"":3,""end"":9,""text"":""Arvind"",""labels"":[""PROPN""]},{""start"":10,""end"":18,""text"":""Kejriwal"",""labels"":[""PROPN""]},{""start"":19,""end"":21,""text"":""‡§î‡§∞"",""labels"":[""CONJ""]},{""start"":22,""end"":24,""text"":""CM"",""labels"":[""NOUN""]},{""start"":25,""end"":33,""text"":""Bhagwant"",""labels"":[""PROPN""]},{""start"":34,""end"":38,""text"":""Mann"",""labels"":[""PROPN""]},{""start"":39,""end"":41,""text"":""‡§ï‡§æ"",""labels"":[""ADJ""]},{""start"":42,""end"":49,""text"":""Shahkot"",""labels"":[""NOUN""]},{""start"":50,""end"":53,""text"":""‡§Æ‡•á‡§Ç"",""labels"":[""ADP""]},{""start"":54,""end"":59,""text"":""‡§¶‡§Æ‡§¶‡§æ‡§∞"",""labels"":[""ADJ""]},{""start"":60,""end"":68,""text"":""Roadshow"",""labels"":[""NOUN""]},{""start"":69,""end"":70,""text"":""|"",""labels"":[""X""]},{""start"":71,""end"":72,""text"":""#"",""labels"":[""X""]},{""start"":72,""end"":95,""text"":""JalandharByelection2023"",""labels"":[""PROPN""]}]",171.145,"CM Arvind Kejriwal ‡§î‡§∞ CM Bhagwant Mann ‡§ï‡§æ Shahkot ‡§Æ‡•á‡§Ç ‡§¶‡§Æ‡§¶‡§æ‡§∞ Roadshow | #JalandharByelection2023","2025-01-25T15:56:01.273191Z"
8,"1","2025-01-23T09:50:50.501813Z",8,"[{""start"":0,""end"":9,""text"":""Jalandhar"",""labels"":[""PROPN""]},{""start"":10,""end"":15,""text"":""North"",""labels"":[""NOUN""]},{""start"":16,""end"":19,""text"":""‡§Æ‡•á‡§Ç"",""labels"":[""ADP""]},{""start"":20,""end"":26,""text"":""Arvind"",""labels"":[""PROPN""]},{""start"":27,""end"":35,""text"":""Kejriwal"",""labels"":[""PROPN""]},{""start"":36,""end"":38,""text"":""‡§î‡§∞"",""labels"":[""CONJ""]},{""start"":39,""end"":41,""text"":""CM"",""labels"":[""NOUN""]},{""start"":42,""end"":50,""text"":""Bhagwant"",""labels"":[""PROPN""]},{""start"":50,""end"":55,""text"":"" Mann"",""labels"":[""PROPN""]},{""start"":56,""end"":58,""text"":""‡§ï‡§æ"",""labels"":[""ADP""]},{""start"":59,""end"":64,""text"":""‡§¶‡§Æ‡§¶‡§æ‡§∞"",""labels"":[""ADJ""]},{""start"":65,""end"":73,""text"":""Roadshow"",""labels"":[""NOUN""]},{""start"":74,""end"":75,""text"":""I"",""labels"":[""X""]},{""start"":76,""end"":79,""text"":""AAP"",""labels"":[""PROPN""]}]",165.264,"Jalandhar North ‡§Æ‡•á‡§Ç Arvind Kejriwal ‡§î‡§∞ CM Bhagwant Mann ‡§ï‡§æ ‡§¶‡§Æ‡§¶‡§æ‡§∞ Roadshow I AAP","2025-01-25T15:57:38.015655Z"
9,"1","2025-01-23T09:53:19.153110Z",9,"[{""start"":0,""end"":1,""text"":""#"",""labels"":[""X""]},{""start"":1,""end"":14,""text"":""AmritpalSingh"",""labels"":[""PROPN""]},{""start"":15,""end"":17,""text"":""‡§î‡§∞"",""labels"":[""CONJ""]},{""start"":18,""end"":19,""text"":""#"",""labels"":[""X""]},{""start"":19,""end"":26,""text"":""Manipur"",""labels"":[""PROPN""]},{""start"":27,""end"":35,""text"":""Violence"",""labels"":[""VERB""]},{""start"":36,""end"":39,""text"":""‡§™‡§∞ "",""labels"":[""ADP""]},{""start"":39,""end"":40,""text"":""#"",""labels"":[""X""]},{""start"":40,""end"":48,""text"":""Kejriwal"",""labels"":[""PROPN""]},{""start"":49,""end"":51,""text"":""‡§®‡•á"",""labels"":[""ADV""]},{""start"":52,""end"":54,""text"":""‡§ï‡•Ä"",""labels"":[""ADP""]},{""start"":55,""end"":56,""text"":""#"",""labels"":[""X""]},{""start"":56,""end"":60,""text"":""Modi"",""labels"":[""PROPN""]},{""start"":60,""end"":63,""text"":"" ‡§ï‡•Ä"",""labels"":[""ADP""]},{""start"":64,""end"":69,""text"":""‡§ú‡§Æ‡§ï‡§∞ "",""labels"":[""ADJ""]},{""start"":69,""end"":74,""text"":""‡§ß‡•Å‡§≤‡§æ‡§à"",""labels"":[""VERB""]},{""start"":74,""end"":75,""text"":""!"",""labels"":[""X""]},{""start"":76,""end"":77,""text"":""#"",""labels"":[""X""]},{""start"":77,""end"":91,""text"":""arvindkejriwal"",""labels"":[""PROPN""]},{""start"":92,""end"":93,""text"":""#"",""labels"":[""X""]},{""start"":93,""end"":99,""text"":""shorts"",""labels"":[""NOUN""]}]",229.868,"#AmritpalSingh ‡§î‡§∞ #Manipur Violence ‡§™‡§∞ #Kejriwal ‡§®‡•á ‡§ï‡•Ä #Modi ‡§ï‡•Ä ‡§ú‡§Æ‡§ï‡§∞ ‡§ß‡•Å‡§≤‡§æ‡§à! #arvindkejriwal #shorts","2025-01-25T15:59:40.038465Z"
10,"1","2025-01-23T09:54:43.432644Z",10,"[{""start"":0,""end"":2,""text"":""CM"",""labels"":[""NOUN""]},{""start"":3,""end"":10,""text"":""Arvind "",""labels"":[""PROPN""]},{""start"":10,""end"":18,""text"":""Kejriwal"",""labels"":[""PROPN""]},{""start"":19,""end"":21,""text"":""‡§ï‡•Ä"",""labels"":[""ADV""]},{""start"":22,""end"":27,""text"":""Delhi"",""labels"":[""PROPN""]},{""start"":28,""end"":35,""text"":""Police "",""labels"":[""NOUN""]},{""start"":35,""end"":37,""text"":""‡§∏‡•á"",""labels"":[""ADP""]},{""start"":38,""end"":41,""text"":""BJP"",""labels"":[""PROPN""]},{""start"":42,""end"":46,""text"":""‡§ï‡§∞‡§µ‡§æ"",""labels"":[""VERB""]},{""start"":47,""end"":50,""text"":""‡§∞‡§π‡•Ä"",""labels"":[""ADV""]},{""start"":51,""end"":53,""text"":""‡§π‡•à"",""labels"":[""VERB""]},{""start"":54,""end"":60,""text"":""‡§ú‡§æ‡§∏‡•Ç‡§∏‡•Ä"",""labels"":[""NOUN""]},{""start"":61,""end"":62,""text"":""|"",""labels"":[""X""]},{""start"":63,""end"":70,""text"":""Saurabh"",""labels"":[""PROPN""]},{""start"":71,""end"":80,""text"":""Bharadwaj"",""labels"":[""PROPN""]},{""start"":81,""end"":82,""text"":""|"",""labels"":[""X""]},{""start"":83,""end"":98,""text"":""Aam Aadmi Party"",""labels"":[""PROPN""]}]",279.50300000000004,"CM Arvind Kejriwal ‡§ï‡•Ä Delhi Police ‡§∏‡•á BJP ‡§ï‡§∞‡§µ‡§æ ‡§∞‡§π‡•Ä ‡§π‡•à ‡§ú‡§æ‡§∏‡•Ç‡§∏‡•Ä | Saurabh Bharadwaj | Aam Aadmi Party","2025-01-25T16:02:57.253068Z"
11,"1","2025-01-23T09:59:54.078343Z",11,"[{""start"":0,""end"":5,""text"":""News "",""labels"":[""NOUN""]},{""start"":5,""end"":13,""text"":""Channels"",""labels"":[""NOUN""]},{""start"":13,""end"":16,""text"":"" ‡§®‡•á"",""labels"":[""ADP""]},{""start"":17,""end"":19,""text"":""ED"",""labels"":[""PROPN""]},{""start"":20,""end"":22,""text"":""‡§ï‡•á"",""labels"":[""ADP""]},{""start"":23,""end"":34,""text"":""Chargesheet"",""labels"":[""NOUN""]},{""start"":35,""end"":38,""text"":""‡§Æ‡•á‡§Ç"",""labels"":[""ADP""]},{""start"":39,""end"":44,""text"":""‡§¨‡§§‡§æ‡§Ø‡§æ"",""labels"":[""VERB""]},{""start"":45,""end"":58,""text"":""Raghav Chadha"",""labels"":[""PROPN""]},{""start"":59,""end"":61,""text"":""‡§ï‡§æ"",""labels"":[""ADP""]},{""start"":62,""end"":65,""text"":""‡§®‡§æ‡§Æ"",""labels"":[""NOUN""]},{""start"":69,""end"":72,""text"":""AAP"",""labels"":[""PROPN""]},{""start"":73,""end"":77,""text"":""‡§®‡•á‡§§‡§æ"",""labels"":[""NOUN""]},{""start"":66,""end"":68,""text"":""‡§§‡•ã"",""labels"":[""ADV""]},{""start"":78,""end"":80,""text"":""‡§®‡•á"",""labels"":[""ADP""]},{""start"":81,""end"":83,""text"":""‡§ï‡•Ä"",""labels"":[""VERB""]},{""start"":84,""end"":89,""text"":""‡§¶‡§Æ‡§¶‡§æ‡§∞"",""labels"":[""ADJ""]},{""start"":90,""end"":95,""text"":""‡§ß‡•Å‡§≤‡§æ‡§à"",""labels"":[""VERB""]}]",408.487,"News Channels ‡§®‡•á ED ‡§ï‡•á Chargesheet ‡§Æ‡•á‡§Ç ‡§¨‡§§‡§æ‡§Ø‡§æ Raghav Chadha ‡§ï‡§æ ‡§®‡§æ‡§Æ ‡§§‡•ã AAP ‡§®‡•á‡§§‡§æ ‡§®‡•á ‡§ï‡•Ä ‡§¶‡§Æ‡§¶‡§æ‡§∞ ‡§ß‡•Å‡§≤‡§æ‡§à","2025-01-25T16:04:37.872085Z"
12,"1","2025-01-23T10:02:41.846762Z",12,"[{""start"":12,""end"":17,""text"":""Delhi"",""labels"":[""PROPN""]},{""start"":18,""end"":22,""text"":""Govt"",""labels"":[""NOUN""]},{""start"":23,""end"":30,""text"":""School "",""labels"":[""NOUN""]},{""start"":82,""end"":97,""text"":""Aam Aadmi Party"",""labels"":[""PROPN""]},{""start"":38,""end"":41,""text"":""PTM"",""labels"":[""NOUN""]},{""start"":0,""end"":4,""text"":""‡§ï‡•ç‡§Ø‡§æ"",""labels"":[""PRON_WH""]},{""start"":5,""end"":8,""text"":""‡§π‡•Å‡§Ü"",""labels"":[""VERB""]},{""start"":9,""end"":11,""text"":""‡§ú‡§¨"",""labels"":[""CONJ""]},{""start"":30,""end"":32,""text"":""‡§ï‡•Ä"",""labels"":[""ADJ""]},{""start"":33,""end"":37,""text"":""Mega"",""labels"":[""ADJ""]},{""start"":42,""end"":45,""text"":""‡§Æ‡•á‡§Ç"",""labels"":[""ADP""]},{""start"":46,""end"":52,""text"":""‡§™‡§π‡•Å‡§Ç‡§ö‡•Ä"",""labels"":[""VERB""]},{""start"":53,""end"":62,""text"":""Education"",""labels"":[""PROPN""]},{""start"":63,""end"":71,""text"":""Minister"",""labels"":[""NOUN""]},{""start"":72,""end"":78,""text"":""Atishi"",""labels"":[""PROPN""]},{""start"":78,""end"":81,""text"":""? |"",""labels"":[""X""]}]",167.6,"‡§ï‡•ç‡§Ø‡§æ ‡§π‡•Å‡§Ü ‡§ú‡§¨ Delhi Govt School ‡§ï‡•Ä Mega PTM ‡§Æ‡•á‡§Ç ‡§™‡§π‡•Å‡§Ç‡§ö‡•Ä Education Minister Atishi? | Aam Aadmi Party","2025-01-23T10:02:41.846799Z"
13,"1","2025-01-23T10:05:49.582657Z",13,"[{""start"":13,""end"":19,""text"":""Arvind"",""labels"":[""PROPN""]},{""start"":20,""end"":28,""text"":""Kejriwal"",""labels"":[""PROPN""]},{""start"":79,""end"":84,""text"":""Delhi"",""labels"":[""PROPN""]},{""start"":92,""end"":93,""text"":""?"",""labels"":[""X""]},{""start"":0,""end"":5,""text"":""Times"",""labels"":[""NOUN""]},{""start"":6,""end"":9,""text"":""Now"",""labels"":[""NOUN""]},{""start"":10,""end"":12,""text"":""‡§ï‡•á"",""labels"":[""ADP""]},{""start"":29,""end"":31,""text"":""‡§ï‡•á"",""labels"":[""ADP""]},{""start"":32,""end"":34,""text"":""‡§ò‡§∞"",""labels"":[""NOUN""]},{""start"":35,""end"":37,""text"":""‡§™‡§∞"",""labels"":[""ADP""]},{""start"":38,""end"":43,""text"":""‡§ï‡§ø‡§Ø‡•á "",""labels"":[""VERB""]},{""start"":43,""end"":52,""text"":""Operation"",""labels"":[""VERB""]},{""start"":53,""end"":65,""text"":""Sheesh Mahal"",""labels"":[""PROPN""]},{""start"":66,""end"":68,""text"":""‡§™‡§∞"",""labels"":[""ADP""]},{""start"":69,""end"":73,""text"":""‡§ï‡•ç‡§Ø‡§æ"",""labels"":[""PRON_WH""]},{""start"":74,""end"":78,""text"":""‡§¨‡•ã‡§≤‡•Ä"",""labels"":[""VERB""]},{""start"":85,""end"":87,""text"":""‡§ï‡•Ä"",""labels"":[""ADP""]},{""start"":88,""end"":92,""text"":""‡§ú‡§®‡§§‡§æ"",""labels"":[""NOUN""]}]",279.536,"Times Now ‡§ï‡•á Arvind Kejriwal ‡§ï‡•á ‡§ò‡§∞ ‡§™‡§∞ ‡§ï‡§ø‡§Ø‡•á Operation Sheesh Mahal ‡§™‡§∞ ‡§ï‡•ç‡§Ø‡§æ ‡§¨‡•ã‡§≤‡•Ä Delhi ‡§ï‡•Ä ‡§ú‡§®‡§§‡§æ?","2025-01-25T16:07:38.360473Z"
14,"1","2025-01-23T10:08:09.827941Z",14,"[{""start"":0,""end"":4,""text"":""MCD "",""labels"":[""PROPN""]},{""start"":4,""end"":9,""text"":""Mayor"",""labels"":[""NOUN""]},{""start"":10,""end"":18,""text"":""Election"",""labels"":[""NOUN""]},{""start"":18,""end"":19,""text"":"":"",""labels"":[""X""]},{""start"":20,""end"":23,""text"":""BJP"",""labels"":[""PROPN""]},{""start"":24,""end"":26,""text"":""‡§®‡•á"",""labels"":[""ADP""]},{""start"":27,""end"":31,""text"":""‡§ï‡§ø‡§Ø‡§æ"",""labels"":[""VERB""]},{""start"":32,""end"":41,""text"":""Surrender"",""labels"":[""NOUN""]},{""start"":41,""end"":42,""text"":"","",""labels"":[""X""]},{""start"":43,""end"":46,""text"":""Dr."",""labels"":[""PROPN""]},{""start"":61,""end"":63,""text"":""‡§î‡§∞"",""labels"":[""CONJ""]},{""start"":64,""end"":75,""text"":""Aaley Iqbal"",""labels"":[""PROPN""]},{""start"":76,""end"":80,""text"":""‡§ú‡•Ä‡§§‡•á"",""labels"":[""VERB""]},{""start"":81,""end"":82,""text"":""|"",""labels"":[""X""]},{""start"":47,""end"":53,""text"":""Shelly"",""labels"":[""PROPN""]},{""start"":54,""end"":60,""text"":""Oberoi"",""labels"":[""PROPN""]},{""start"":83,""end"":90,""text"":""Durgesh"",""labels"":[""PROPN""]},{""start"":91,""end"":97,""text"":""Pathak"",""labels"":[""PROPN""]}]",179.022,"MCD Mayor Election: BJP ‡§®‡•á ‡§ï‡§ø‡§Ø‡§æ Surrender, Dr. Shelly Oberoi ‡§î‡§∞ Aaley Iqbal ‡§ú‡•Ä‡§§‡•á | Durgesh Pathak","2025-01-25T16:21:29.521964Z"
15,"1","2025-01-23T10:10:47.801026Z",15,"[{""start"":0,""end"":3,""text"":""PM "",""labels"":[""NOUN""]},{""start"":3,""end"":7,""text"":""Modi"",""labels"":[""PROPN""]},{""start"":8,""end"":10,""text"":""‡§ï‡•á"",""labels"":[""ADJ""]},{""start"":11,""end"":14,""text"":""‡§®‡§è "",""labels"":[""ADJ""]},{""start"":14,""end"":16,""text"":""‡§ò‡§∞"",""labels"":[""NOUN""]},{""start"":17,""end"":19,""text"":""‡§™‡§∞"",""labels"":[""ADV""]},{""start"":20,""end"":24,""text"":""‚Çπ500"",""labels"":[""NUM""]},{""start"":25,""end"":30,""text"":""Crore"",""labels"":[""NOUN""]},{""start"":31,""end"":33,""text"":""‡§ï‡§æ"",""labels"":[""ADP""]},{""start"":34,""end"":39,""text"":""‡§ñ‡§∞‡•ç‡§ö‡§æ"",""labels"":[""NOUN""]},{""start"":39,""end"":40,""text"":"","",""labels"":[""X""]},{""start"":54,""end"":56,""text"":""‡§®‡•á"",""labels"":[""ADP""]},{""start"":57,""end"":61,""text"":""‡§ñ‡•ã‡§≤‡•Ä"",""labels"":[""VERB""]},{""start"":61,""end"":65,""text"":"" ‡§™‡•ã‡§≤"",""labels"":[""NOUN""]},{""start"":65,""end"":66,""text"":""!"",""labels"":[""X""]},{""start"":67,""end"":68,""text"":""|"",""labels"":[""X""]},{""start"":83,""end"":84,""text"":""|"",""labels"":[""X""]},{""start"":85,""end"":100,""text"":""Aam Aadmi Party"",""labels"":[""PROPN""]},{""start"":41,""end"":47,""text"":""Sanjay"",""labels"":[""PROPN""]},{""start"":48,""end"":53,""text"":""Singh"",""labels"":[""PROPN""]},{""start"":69,""end"":77,""text"":""Narendra"",""labels"":[""PROPN""]},{""start"":78,""end"":82,""text"":""Modi"",""labels"":[""PROPN""]}]",267.417,"PM Modi ‡§ï‡•á ‡§®‡§è ‡§ò‡§∞ ‡§™‡§∞ ‚Çπ500 Crore ‡§ï‡§æ ‡§ñ‡§∞‡•ç‡§ö‡§æ, Sanjay Singh ‡§®‡•á ‡§ñ‡•ã‡§≤‡•Ä ‡§™‡•ã‡§≤! | Narendra Modi | Aam Aadmi Party","2025-01-25T16:22:30.371851Z"
16,"1","2025-01-23T10:12:27.297649Z",16,"[{""start"":14,""end"":16,""text"":""‡§®‡•á"",""labels"":[""ADP""]},{""start"":17,""end"":19,""text"":""PM"",""labels"":[""NOUN""]},{""start"":20,""end"":24,""text"":""Modi"",""labels"":[""PROPN""]},{""start"":25,""end"":27,""text"":""‡§ï‡•á"",""labels"":[""ADP""]},{""start"":28,""end"":30,""text"":""‡§ò‡§∞"",""labels"":[""NOUN""]},{""start"":31,""end"":33,""text"":""‡§™‡§∞"",""labels"":[""ADP""]},{""start"":34,""end"":37,""text"":""‡§π‡•Å‡§è"",""labels"":[""VERB""]},{""start"":38,""end"":43,""text"":""‡§ñ‡§∞‡•ç‡§ö‡•á"",""labels"":[""VERB""]},{""start"":44,""end"":46,""text"":""‡§™‡§∞"",""labels"":[""ADP""]},{""start"":47,""end"":51,""text"":""‡§ï‡§ø‡§Ø‡§æ"",""labels"":[""VERB""]},{""start"":52,""end"":55,""text"":""‡§¨‡•ú‡§æ"",""labels"":[""ADJ""]},{""start"":56,""end"":62,""text"":""‡§ñ‡•Å‡§≤‡§æ‡§∏‡§æ"",""labels"":[""NOUN""]},{""start"":62,""end"":64,""text"":""!!"",""labels"":[""X""]},{""start"":65,""end"":66,""text"":""|"",""labels"":[""X""]},{""start"":81,""end"":82,""text"":""|"",""labels"":[""X""]},{""start"":83,""end"":98,""text"":""Aam Aadmi Party"",""labels"":[""PROPN""]},{""start"":0,""end"":6,""text"":""Raghav"",""labels"":[""PROPN""]},{""start"":7,""end"":13,""text"":""Chadha"",""labels"":[""PROPN""]},{""start"":67,""end"":75,""text"":""Narendra"",""labels"":[""PROPN""]},{""start"":76,""end"":80,""text"":""Modi"",""labels"":[""PROPN""]}]",207.721,"Raghav Chadha ‡§®‡•á PM Modi ‡§ï‡•á ‡§ò‡§∞ ‡§™‡§∞ ‡§π‡•Å‡§è ‡§ñ‡§∞‡•ç‡§ö‡•á ‡§™‡§∞ ‡§ï‡§ø‡§Ø‡§æ ‡§¨‡•ú‡§æ ‡§ñ‡•Å‡§≤‡§æ‡§∏‡§æ!! | Narendra Modi | Aam Aadmi Party","2025-01-25T16:23:02.270061Z"
17,"1","2025-01-23T10:14:22.009642Z",17,"[{""start"":7,""end"":10,""text"":""AAP"",""labels"":[""PROPN""]},{""start"":11,""end"":20,""text"":""Rajasthan"",""labels"":[""PROPN""]},{""start"":21,""end"":23,""text"":""‡§ï‡•á"",""labels"":[""ADP""]},{""start"":24,""end"":36,""text"":""‡§™‡§¶‡§æ‡§ß‡§ø‡§ï‡§æ‡§∞‡§ø‡§Ø‡•ã‡§Ç"",""labels"":[""NOUN""]},{""start"":37,""end"":39,""text"":""‡§ï‡§æ"",""labels"":[""ADP""]},{""start"":40,""end"":49,""text"":""‡§∂‡§™‡§•-‡§ó‡•ç‡§∞‡§π‡§£"",""labels"":[""NOUN""]},{""start"":50,""end"":56,""text"":""‡§∏‡§Æ‡§æ‡§∞‡•ã‡§π"",""labels"":[""NOUN""]},{""start"":57,""end"":58,""text"":""|"",""labels"":[""X""]},{""start"":74,""end"":75,""text"":""|"",""labels"":[""X""]},{""start"":76,""end"":85,""text"":""Rajasthan"",""labels"":[""PROPN""]},{""start"":86,""end"":95,""text"":""Elections"",""labels"":[""NOUN""]},{""start"":96,""end"":100,""text"":""2023"",""labels"":[""NUM""]},{""start"":0,""end"":4,""text"":""LIVE"",""labels"":[""NOUN""]},{""start"":5,""end"":6,""text"":""|"",""labels"":[""X""]},{""start"":59,""end"":66,""text"":""Sandeep"",""labels"":[""PROPN""]},{""start"":67,""end"":73,""text"":""Pathak"",""labels"":[""PROPN""]}]",221.27499999999998,"LIVE | AAP Rajasthan ‡§ï‡•á ‡§™‡§¶‡§æ‡§ß‡§ø‡§ï‡§æ‡§∞‡§ø‡§Ø‡•ã‡§Ç ‡§ï‡§æ ‡§∂‡§™‡§•-‡§ó‡•ç‡§∞‡§π‡§£ ‡§∏‡§Æ‡§æ‡§∞‡•ã‡§π | Sandeep Pathak | Rajasthan Elections 2023","2025-01-25T16:23:29.177235Z"
18,"1","2025-01-23T10:19:05.144915Z",18,"[{""start"":0,""end"":2,""text"":""CM"",""labels"":[""NOUN""]},{""start"":3,""end"":11,""text"":""Bhagwant"",""labels"":[""PROPN""]},{""start"":12,""end"":16,""text"":""Mann"",""labels"":[""PROPN""]},{""start"":17,""end"":19,""text"":""‡§®‡•á"",""labels"":[""ADP""]},{""start"":20,""end"":27,""text"":""‡§Ö‡§Æ‡•É‡§§‡§™‡§æ‡§≤"",""labels"":[""PROPN""]},{""start"":28,""end"":30,""text"":""‡§ï‡•Ä"",""labels"":[""ADP""]},{""start"":31,""end"":40,""text"":""‡§ó‡§ø‡§∞‡§´‡•ç‡§§‡§æ‡§∞‡•Ä"",""labels"":[""VERB""]},{""start"":41,""end"":44,""text"":""‡§™‡§∞ "",""labels"":[""ADP""]},{""start"":44,""end"":48,""text"":""‡§ï‡•ç‡§Ø‡§æ"",""labels"":[""PRON_WH""]},{""start"":49,""end"":52,""text"":""‡§ï‡§π‡§æ"",""labels"":[""VERB""]},{""start"":52,""end"":53,""text"":""?"",""labels"":[""X""]},{""start"":54,""end"":55,""text"":""|"",""labels"":[""X""]},{""start"":56,""end"":65,""text"":""Amritpal "",""labels"":[""PROPN""]},{""start"":65,""end"":71,""text"":""Arrest"",""labels"":[""VERB""]},{""start"":72,""end"":78,""text"":""Latest"",""labels"":[""ADJ""]},{""start"":79,""end"":84,""text"":""News "",""labels"":[""NOUN""]},{""start"":84,""end"":85,""text"":""|"",""labels"":[""X""]},{""start"":86,""end"":90,""text"":""AAP "",""labels"":[""PROPN""]},{""start"":90,""end"":96,""text"":""Punjab"",""labels"":[""PROPN""]}]",357.765,"CM Bhagwant Mann ‡§®‡•á ‡§Ö‡§Æ‡•É‡§§‡§™‡§æ‡§≤ ‡§ï‡•Ä ‡§ó‡§ø‡§∞‡§´‡•ç‡§§‡§æ‡§∞‡•Ä ‡§™‡§∞ ‡§ï‡•ç‡§Ø‡§æ ‡§ï‡§π‡§æ? | Amritpal Arrest Latest News | AAP Punjab","2025-01-25T16:14:27.810919Z"
19,"1","2025-01-23T10:21:41.208721Z",19,"[{""start"":0,""end"":5,""text"":""Delhi"",""labels"":[""PROPN""]},{""start"":5,""end"":10,""text"":"" ‡§Æ‡•á‡§Ç "",""labels"":[""ADP""]},{""start"":10,""end"":19,""text"":""Law&Order"",""labels"":[""NOUN""]},{""start"":20,""end"":22,""text"":""‡§ï‡§æ"",""labels"":[""ADV""]},{""start"":23,""end"":27,""text"":""‡§¨‡•Å‡§∞‡§æ"",""labels"":[""ADJ""]},{""start"":28,""end"":31,""text"":""‡§π‡§æ‡§≤"",""labels"":[""NOUN""]},{""start"":31,""end"":32,""text"":"","",""labels"":[""X""]},{""start"":33,""end"":38,""text"":""Saket"",""labels"":[""PROPN""]},{""start"":39,""end"":44,""text"":""Court"",""labels"":[""NOUN""]},{""start"":45,""end"":48,""text"":""‡§Æ‡•á‡§Ç"",""labels"":[""ADP""]},{""start"":49,""end"":55,""text"":""Firing"",""labels"":[""VERB""]},{""start"":55,""end"":58,""text"":"" ‡§ï‡•á"",""labels"":[""ADP""]},{""start"":58,""end"":62,""text"":"" ‡§¨‡§æ‡§¶"",""labels"":[""NOUN""]},{""start"":63,""end"":65,""text"":""LG"",""labels"":[""PROPN""]},{""start"":66,""end"":78,""text"":""Vinai Saxena"",""labels"":[""PROPN""]},{""start"":79,""end"":81,""text"":""‡§™‡§∞"",""labels"":[""ADP""]},{""start"":82,""end"":86,""text"":""‡§ú‡§Æ‡§ï‡§∞"",""labels"":[""ADV""]},{""start"":87,""end"":91,""text"":""‡§¨‡§∞‡§∏‡•Ä"",""labels"":[""VERB""]},{""start"":92,""end"":98,""text"":""Atishi"",""labels"":[""PROPN""]},{""start"":97,""end"":99,""text"":""i!"",""labels"":[""X""]}]",231.83499999999998,"Delhi ‡§Æ‡•á‡§Ç Law&Order ‡§ï‡§æ ‡§¨‡•Å‡§∞‡§æ ‡§π‡§æ‡§≤, Saket Court ‡§Æ‡•á‡§Ç Firing ‡§ï‡•á ‡§¨‡§æ‡§¶ LG Vinai Saxena ‡§™‡§∞ ‡§ú‡§Æ‡§ï‡§∞ ‡§¨‡§∞‡§∏‡•Ä Atishi!","2025-01-25T16:15:51.248800Z"
20,"1","2025-01-23T10:27:12.411300Z",20,"[{""start"":0,""end"":17,""text"":""Saurabh Bharadwaj"",""labels"":[""PROPN""]},{""start"":18,""end"":20,""text"":""‡§®‡•á"",""labels"":[""ADV""]},{""start"":21,""end"":26,""text"":""Delhi"",""labels"":[""PROPN""]},{""start"":27,""end"":33,""text"":""Police"",""labels"":[""NOUN""]},{""start"":34,""end"":36,""text"":""‡§ï‡•á"",""labels"":[""ADV""]},{""start"":37,""end"":40,""text"":""350"",""labels"":[""NUM""]},{""start"":41,""end"":46,""text"":""Crore"",""labels"":[""NOUN""]},{""start"":47,""end"":49,""text"":""‡§ï‡•á"",""labels"":[""ADP""]},{""start"":50,""end"":56,""text"":""‡§ò‡•ã‡§ü‡§æ‡§≤‡•á"",""labels"":[""NOUN""]},{""start"":57,""end"":59,""text"":""‡§™‡§∞"",""labels"":[""ADP""]},{""start"":60,""end"":63,""text"":""LG "",""labels"":[""PROPN""]},{""start"":63,""end"":75,""text"":""Vinai Saxena"",""labels"":[""PROPN""]},{""start"":76,""end"":78,""text"":""‡§∏‡•á"",""labels"":[""ADV""]},{""start"":79,""end"":83,""text"":""‡§™‡•Ç‡§õ‡•á"",""labels"":[""VERB""]},{""start"":84,""end"":88,""text"":""‡§§‡•Ä‡§ñ‡•á"",""labels"":[""ADJ""]},{""start"":89,""end"":93,""text"":""‡§∏‡§µ‡§æ‡§≤"",""labels"":[""NOUN""]},{""start"":93,""end"":94,""text"":""!"",""labels"":[""X""]}]",411.97700000000003,"Saurabh Bharadwaj ‡§®‡•á Delhi Police ‡§ï‡•á 350 Crore ‡§ï‡•á ‡§ò‡•ã‡§ü‡§æ‡§≤‡•á ‡§™‡§∞ LG Vinai Saxena ‡§∏‡•á ‡§™‡•Ç‡§õ‡•á ‡§§‡•Ä‡§ñ‡•á ‡§∏‡§µ‡§æ‡§≤!","2025-01-25T16:17:14.106754Z"
